|datasheet_id|line|description|cost|Unnamed: 4
0|1|1|1 model|75|
1|2|1|1 model|80|
2|3|1|1 model|75|
3|4|1|1 model|65|
4|6|1|1 model|90|
5|7|1|1 model|105|
6|8|1|2 models|235|
7|9|1|1 model|80|
8|10|1|1 model|90|
9|11|1|1 model|75|
10|12|1|1 model|45|
11|13|1|1 model|80|
12|14|1|1 model|85|
13|15|1|1 model|65|
14|16|1|10 models|80|
15|16|2|20 models|170|
16|17|1|11 models|40|
17|17|2|22 models|80|
18|19|1|1 Spanner and 4 Burna Boyz|60|
19|19|2|2 Spanners and 8 Burna Boyz|120|
20|20|1|6 models|140|
21|21|1|5 models|105|
22|21|2|10 models|210|
23|22|1|1 model|70|
24|23|1|3 models|125|
25|24|1|2 models|65|
26|24|2|3 models|95|
27|24|3|5 models|160|
28|24|4|6 models|190|
29|25|1|10 models|120|
30|26|1|1 model|70|
31|27|1|5 models|65|
32|27|2|10 models|130|
33|28|1|3 models|80|
34|28|2|6 models|160|
35|29|1|1 model|135|
36|30|1|1 model|125|
37|31|1|1 model|115|
38|32|1|1 model|175|
39|33|1|3 models|65|
40|33|2|6 models|130|
41|34|1|1 model|50|
42|34|2|2 models|100|
43|35|1|1 model|45|
44|35|2|2 models|90|
45|36|1|1 model|40|
46|36|2|2 models|80|
47|37|1|1 model|20|
48|37|2|2 models|40|
49|38|1|1 model|50|
50|38|2|2 models|100|
51|38|3|3 models|150|
52|39|1|1 model|160|
53|40|1|1 model|120|
54|41|1|3 models|125|
55|41|2|6 models|250|
56|42|1|1 model|280|
57|43|1|1 model|265|
58|44|1|1 Spanner and 4 Lootas|50|
59|44|2|2 Spanners and 8 Lootas|100|
60|45|1|5 models|80|
61|45|2|10 models|160|
62|46|1|1 model|800|
63|49|1|4 models|155|
64|49|2|8 models|310|
65|50|1|1 model|110|
66|51|1|1 model|150|
67|52|1|1 model|210|
68|53|1|1 model|135|
69|54|1|1 model|90|
70|55|1|1 model|115|
71|56|1|1 model|295|
72|57|1|1 model|105|
73|59|1|1 model|440|
74|60|1|1 model|70|
75|61|1|5 models|95|
76|61|2|10 models|190|
77|63|1|1 model|65|
78|64|1|5 models|115|
79|64|2|10 models|230|
80|65|1|1 model|220|
81|66|1|1 model|220|
82|67|1|1 model|250|
83|68|1|3 models|75|
84|70|1|10 models|140|
85|71|1|3 models|80|
86|71|2|6 models|170|
87|72|1|1 model|215|
88|73|1|1 model|80|
89|76|1|1 model|70|
90|79|1|1 model|75|
91|81|1|1 model|85|
92|83|1|1 model|75|
93|84|1|1 model|155|
94|85|1|1 model|95|
95|86|1|1 model|75|
96|86|2|2 models|150|
97|87|1|1 model|70|
98|91|1|1 model|150|
99|92|1|1 model|180|
100|93|1|1 model|320|
101|94|1|1 model|75|
102|95|1|4 models|155|
103|96|1|1 model|250|
104|97|1|1 model|175|
105|98|1|1 model|30|
106|98|2|2 models|60|
107|98|3|3 models|90|
108|99|1|1 model|70|
109|103|1|3 models|100|
110|103|2|6 models|200|
111|104|1|5 models|200|
112|104|2|10 models|400|
113|107|1|1 model|110|
114|110|1|1 model|90|
115|111|1|1 model|130|
116|112|1|1 model|75|
117|113|1|1 model|250|
118|114|1|1 model|125|
119|115|1|1 model|75|
120|116|1|3 models|80|
121|116|2|6 models|160|
122|116|3|Attack Bike|55|
123|117|1|1 model|135|
124|118|1|5 models|180|
125|118|2|10 models|360|
126|119|1|1 model|70|
127|120|1|1 model|165|
128|121|1|1 model|95|
129|122|1|1 model|75|
130|123|1|1 model|160|
131|124|1|1 model|115|
132|125|1|3 models|120|
133|125|2|6 models|240|
134|126|1|5 models|90|
135|126|2|10 models|180|
136|127|1|1 model|95|
137|128|1|5 models|100|
138|128|2|10 models|200|
139|129|1|1 model|95|
140|131|1|1 model|160|
141|132|1|1 model|70|
142|134|1|4 models|55|
143|135|1|1 model|95|
144|136|1|1 model|160|
145|137|1|3 models|75|
146|137|2|6 models|150|
147|138|1|1 model|340|
148|139|1|1 model|840|
149|140|1|1 model|55|
150|146|1|1 model|100|
151|147|1|5 models|95|
152|147|2|10 models|190|
153|148|1|1 model|40|
154|151|1|1 model|120|
155|152|1|1 model|75|
156|153|1|1 model|90|
157|154|1|1 model|170|
158|155|1|1 model|120|
159|156|1|1 model|140|
160|157|1|1 model|95|
161|158|1|1 model|75|
162|159|1|1 model|135|
163|160|1|1 model|75|
164|164|1|1 model|100|
165|165|1|3 models|125|
166|165|2|6 models|260|
167|166|1|1 model|160|
168|167|1|1 model|150|
169|168|1|1 model|125|
170|169|1|1 model|90|
171|218|1|1 model|115|
172|219|1|1 model|85|
173|225|1|1 model|70|
174|226|1|1 model|75|
175|230|1|5 models|180|
176|230|2|10 models|360|
177|231|1|5 models|250|
178|238|1|1 model|100|
179|239|1|1 model|195|
180|240|1|1 model|210|
181|241|1|3 models|90|
182|241|2|6 models|180|
183|242|1|1 model|120|
184|243|1|1 model|480|
185|282|1|1 model|110|
186|283|1|1 model|180|
187|284|1|1 model|100|
188|285|1|1 model|100|
189|286|1|1 model|65|
190|287|1|1 model|85|
191|288|1|1 model|75|
192|292|1|1 model|85|
193|297|1|1 model|70|
194|300|1|1 model|75|
195|301|1|1 model|80|
196|302|1|1 model|170|
197|303|1|10 models|135|
198|303|2|20 models|285|
199|304|1|1 model|50|
200|305|1|10 models|180|
201|306|1|1 model|60|
202|308|1|1 model|95|
203|310|1|5 models|80|
204|310|2|10 models|160|
205|311|1|5 models|85|
206|311|2|10 models|170|
207|314|1|1 model|160|
208|315|1|5 models|85|
209|315|2|10 models|170|
210|317|1|1 model|105|
211|318|1|5 models|170|
212|318|2|10 models|340|
213|321|1|1 model|250|
214|322|1|3 models|115|
215|322|2|6 models|230|
216|323|1|5 models|40|
217|323|2|10 models|80|
218|324|1|5 models|90|
219|324|2|10 models|165|
220|324|3|15 models|240|
221|325|1|1 model|300|
222|326|1|5 models|120|
223|326|2|6 models|145|
224|358|1|1 model|180|
225|373|1|1 model|125|
226|374|1|1 model|110|
227|375|1|1 model|95|
228|376|1|1 model|90|
229|377|1|1 model|90|
230|379|1|1 model|70|
231|380|1|1 model|90|
232|381|1|5 models|120|
233|381|2|10 models|240|
234|382|1|4 models|160|
235|382|2|5 models|200|
236|382|3|8 models|320|
237|382|4|10 models|400|
238|383|1|5 models|125|
239|383|2|10 models|250|
240|384|1|4 models|180|
241|384|2|5 models|225|
242|384|3|8 models|360|
243|384|4|10 models|450|
244|387|1|5 models|130|
245|387|2|10 models|260|
246|388|1|5 models|125|
247|388|2|10 models|250|
248|389|1|1 model|210|
249|390|1|1 model|160|
250|391|1|1 model|220|
251|392|1|1 model|220|
252|393|1|1 model|270|
253|395|1|1 model|85|
254|396|1|1 model|80|
255|397|1|4 models|50|
256|398|1|1 model|280|
257|399|1|1 model|70|
258|400|1|1 model|140|
259|402|1|1 model|95|
260|403|1|4 models|70|
261|403|2|8 models|140|
262|403|3|12 models|210|
263|404|1|1 model|50|
264|405|1|1 model|50|
265|406|1|1 model|85|
266|407|1|1 model|100|
267|408|1|1 model|50|
268|409|1|3 models|65|
269|410|1|1 model|60|
270|411|1|10 models|75|
271|412|1|10 models|100|
272|413|1|10 models|65|
273|413|2|20 models|140|
274|414|1|1 model|40|
275|414|2|2 models|60|
276|414|3|3 models|90|
277|415|1|5 models|40|
278|415|2|10 models|80|
279|417|1|3 models|80|
280|417|2|6 models|120|
281|418|1|3 models|200|
282|418|2|6 models|400|
283|420|1|1 model|160|
284|421|1|1 model|190|
285|422|1|10 models|90|
286|423|1|1 model|60|
287|423|2|2 models|120|
288|423|3|3 models|180|
289|424|1|1 model|85|
290|425|1|1 model|170|
291|426|1|1 model|160|
292|427|1|5 models|65|
293|427|2|10 models|130|
294|428|1|1 model|60|
295|430|1|1 model|140|
296|431|1|1 model|140|
297|432|1|1 model|145|
298|433|1|1 model|80|
299|433|2|2 models|170|
300|433|3|3 models|270|
301|434|1|1 model|400|
302|435|1|1 model|85|
303|436|1|1 model|85|
304|436|2|Tidewall Defence Platform|20|
305|437|1|1 model|90|
306|439|1|1 model|80|
307|443|1|1 model|55|
308|443|2|2 models|110|
309|444|1|1 model|210|
310|445|1|1 model|200|
311|446|1|1 model|790|
312|447|1|2 models|80|
313|447|2|4 models|160|
314|448|1|1 model|60|
315|449|1|2 models|45|
316|452|1|2 models|160|
317|453|1|1 model|220|
318|454|1|1 model|325|
319|455|1|1 model|315|
320|456|1|1 model|275|
321|457|1|1 model|2100|
322|458|1|1 model|50|
323|459|1|1 model|50|
324|460|1|1 model|195|
325|461|1|1 model|220|
326|462|1|1 model|150|
327|463|1|1 model|80|
328|465|1|1 model|160|
329|467|1|5 models|75|
330|467|2|10 models|140|
331|468|1|10 models|60|
332|468|2|20 models|120|
333|469|1|10 models|65|
334|469|2|20 models|130|
335|470|1|1 model|25|
336|470|2|2 models|40|
337|470|3|3 models|50|
338|471|1|3 models|80|
339|471|2|6 models|160|
340|472|1|3 models|90|
341|472|2|6 models|180|
342|473|1|1 model|60|
343|474|1|1 model|170|
344|475|1|3 models|100|
345|475|2|6 models|200|
346|476|1|3 models|70|
347|476|2|6 models|140|
348|477|1|1 model|40|
349|477|2|2 models|70|
350|477|3|3 models|105|
351|478|1|1 model|125|
352|479|1|1 model|80|
353|482|1|5 models|125|
354|483|1|3 models|60|
355|484|1|10 models|85|
356|484|2|20 models|170|
357|485|1|1 model|215|
358|486|1|1 model|200|
359|487|1|1 model|30|
360|487|2|2 models|60|
361|488|1|3 models|55|
362|488|2|6 models|110|
363|489|1|1 model|105|
364|490|1|1 model|115|
365|490|2|2 models|230|
366|491|1|1 model|50|
367|491|2|2 models|100|
368|491|3|3 models|150|
369|493|1|1 model|140|
370|494|1|1 model|135|
371|495|1|1 model|140|
372|496|1|1 model|200|
373|497|1|1 model|150|
374|498|1|1 model|145|
375|499|1|1 model|75|
376|500|1|1 model|200|
377|503|1|1 model|340|
378|504|1|1 model|610|
379|505|1|1 model|810|
380|506|1|1 model|330|
381|507|1|1 model|75|
382|508|1|1 model|50|
383|509|1|1 model|70|
384|510|1|1 model|50|
385|511|1|5 models|65|
386|511|2|10 models|130|
387|512|1|10 models|65|
388|512|2|20 models|145|
389|513|1|5 models|70|
390|513|2|10 models|140|
391|514|1|5 models|135|
392|514|2|10 models|300|
393|515|1|5 models|75|
394|515|2|10 models|140|
395|516|1|1 model|85|
396|521|1|1 model|120|
397|522|1|1 model|100|
398|523|1|1 model|85|
399|524|1|1 model|65|
400|527|1|1 model|85|
401|528|1|1 model|85|
402|530|1|1 model|80|
403|531|1|1 model|95|
404|532|1|1 model|75|
405|533|1|1 model|120|
406|534|1|10 models|90|
407|534|2|20 models|200|
408|535|1|5 models|70|
409|535|2|10 models|150|
410|536|1|5 models|85|
411|536|2|10 models|170|
412|537|1|5 models|60|
413|537|2|10 models|120|
414|538|1|5 models|60|
415|538|2|10 models|120|
416|539|1|5 models|90|
417|539|2|10 models|180|
418|540|1|1 model|110|
419|541|1|1 model|305|
420|542|1|1 model|265|
421|543|1|1 model|115|
422|544|1|1 model|145|
423|545|1|1 model|230|
424|546|1|3 models|110|
425|546|2|6 models|220|
426|548|1|3 models|75|
427|548|2|6 models|150|
428|551|1|1 model|75|
429|551|2|2 models|150|
430|552|1|1 model|400|
431|553|1|1 model|105|
432|554|1|1 model|200|
433|555|1|1 model|295|
434|556|1|1 model|425|
435|557|1|1 model|300|
436|558|1|1 model|130|
437|559|1|3 models|85|
438|559|2|6 models|170|
439|560|1|1 model|115|
440|561|1|1 model|140|
441|562|1|1 model|120|
442|564|1|1 model|130|
443|567|1|1 model|210|
444|568|1|1 model|110|
445|569|1|1 model|100|
446|570|1|1 model|70|
447|571|1|1 model|125|
448|572|1|1 model|105|
449|573|1|1 model|90|
450|574|1|1 model|120|
451|575|1|1 model|115|
452|576|1|1 model|100|
453|577|1|1 model|85|
454|580|1|1 model|90|
455|581|1|1 model|280|
456|582|1|1 model|70|
457|583|1|1 model|80|
458|584|1|2 models|55|
459|584|2|4 models|130|
460|585|1|1 model|45|
461|587|1|1 model|45|
462|587|2|2 models|90|
463|588|1|1 model|65|
464|589|1|11 models|100|
465|590|1|11 models|100|
466|591|1|3 models|80|
467|591|2|6 models|160|
468|592|1|5 models|55|
469|592|2|10 models|110|
470|593|1|5 models|75|
471|593|2|10 models|150|
472|594|1|5 models|95|
473|594|2|10 models|190|
474|595|1|5 models|85|
475|595|2|10 models|150|
476|596|1|5 models|120|
477|596|2|10 models|220|
478|597|1|5 models|170|
479|598|1|5 models|160|
480|599|1|1 model|125|
481|600|1|5 models|85|
482|600|2|10 models|170|
483|601|1|5 models|95|
484|601|2|10 models|190|
485|602|1|3 models|110|
486|602|2|6 models|220|
487|603|1|1 model|160|
488|605|1|1 model|65|
489|605|2|2 models|130|
490|606|1|1 model|155|
491|607|1|5 models|90|
492|607|2|10 models|195|
493|609|1|1 model|130|
494|610|1|1 model|150|
495|611|1|1 model|190|
496|612|1|1 model|85|
497|612|2|2 models|170|
498|613|1|1 model|140|
499|614|1|1 model|435|
500|615|1|5 Shadow Spectres|115|
501|615|2|10 Shadow Spectres|230|
502|615|3|Shadow Spectre Exarch|30|
503|616|1|1 model|95|
504|617|1|1 model|160|
505|618|1|1 model|100|
506|619|1|1 model|145|
507|620|1|1 model|180|
508|621|1|1 model|410|
509|622|1|1 model|415|
510|623|1|1 model|150|
511|624|1|1 model|175|
512|625|1|1 model|430|
513|626|1|1 model|460|
514|627|1|1 model|490|
515|628|1|1 model|1100|
516|629|1|3 models|105|
517|629|2|4 models|140|
518|629|3|6 models|210|
519|629|4|7 models|245|
520|630|1|1 model|105|
521|631|1|1 model|2100|
522|632|1|5 models|125|
523|632|2|6 models|150|
524|632|3|10 models|250|
525|632|4|11 models|275|
526|633|1|5 models|125|
527|633|2|6 models|150|
528|633|3|10 models|250|
529|633|4|11 models|275|
530|634|1|1 model|80|
531|639|1|1 model|50|
532|640|1|1 model|85|
533|641|1|1 model|70|
534|642|1|1 model|80|
535|643|1|1 model|85|
536|644|1|10 models|115|
537|646|1|10 models|90|
538|648|1|5 models|90|
539|648|2|10 models|180|
540|649|1|5 models|75|
541|649|2|10 models|150|
542|650|1|5 models|65|
543|650|2|8 models|105|
544|650|3|10 models|130|
545|651|1|3 models|80|
546|651|2|6 models|170|
547|652|1|7 models|135|
548|656|1|1 model|85|
549|657|1|1 model|70|
550|658|1|3 models|70|
551|658|2|6 models|130|
552|659|1|5 models|85|
553|659|2|10 models|170|
554|660|1|1 model|170|
555|661|1|1 model|245|
556|662|1|5 models|130|
557|663|1|1 model|80|
558|663|2|2 models|160|
559|664|1|1 model|55|
560|664|2|2 models|110|
561|665|1|1 model|115|
562|666|1|1 model|115|
563|667|1|1 model|230|
564|680|1|1 model|235|
565|686|1|3 models|65|
566|690|1|1 model|55|
567|690|2|2 models|110|
568|691|1|1 model|65|
569|691|2|2 models|130|
570|692|1|1 model|85|
571|693|1|1 model|75|
572|694|1|1 model|125|
573|695|1|1 model|140|
574|696|1|1 model|95|
575|697|1|1 model|110|
576|698|1|1 model|165|
577|699|1|1 model|145|
578|700|1|1 model|185|
579|701|1|1 model|190|
580|702|1|1 model|450|
581|703|1|1 model|420|
582|704|1|1 model|450|
583|705|1|1 model|415|
584|706|1|1 model|420|
585|707|1|1 model|410|
586|708|1|1 model|430|
587|709|1|1 model|465|
588|713|1|1 model|55|
589|714|1|1 model|40|
590|716|1|1 model|30|
591|719|1|5 models|85|
592|721|1|1 model|90|
593|722|1|3 models|60|
594|722|2|6 models|130|
595|723|1|3 models|100|
596|723|2|6 models|200|
597|724|1|5 models|60|
598|724|2|10 models|100|
599|725|1|1 model|60|
600|727|1|1 model|190|
601|728|1|1 model|80|
602|729|1|1 model|80|
603|730|1|1 model|110|
604|731|1|1 model|40|
605|733|1|1 model|80|
606|735|1|1 model|95|
607|736|1|1 model|50|
608|737|1|1 model|50|
609|739|1|1 model|105|
610|740|1|1 model|160|
611|741|1|1 model|25|
612|743|1|1 model|120|
613|744|1|1 model|115|
614|745|1|1 model|50|
615|746|1|1 model|50|
616|747|1|1 model|95|
617|751|1|1 model|270|
618|752|1|1 model|310|
619|753|1|1 model|250|
620|754|1|1 model|235|
621|755|1|1 model|95|
622|756|1|1 model|125|
623|757|1|1 model|35|
624|757|2|2 models|70|
625|757|3|3 models|105|
626|758|1|1 model|45|
627|758|2|2 models|90|
628|759|1|1 model|55|
629|760|1|1 model|180|
630|762|1|1 model|40|
631|762|2|2 models|80|
632|762|3|3 models|120|
633|763|1|1 model|415|
634|764|1|1 model|480|
635|766|1|1 model|180|
636|767|1|1 model|325|
637|768|1|1 model|275|
638|769|1|1 model|310|
639|770|1|1 model|310|
640|771|1|1 model|285|
641|772|1|1 model|310|
642|773|1|1 model|345|
643|774|1|1 model|375|
644|775|1|1 model|225|
645|776|1|1 model|275|
646|777|1|1 model|285|
647|778|1|1 model|120|
648|779|1|1 model|95|
649|780|1|1 model|130|
650|781|1|1 model|130|
651|783|1|1 model|255|
652|784|1|1 model|225|
653|786|1|1 model|220|
654|838|1|1 model|175|
655|839|1|1 model|65|
656|840|1|1 model|55|
657|841|1|3 models|160|
658|841|2|6 models|320|
659|842|1|3 models|105|
660|842|2|6 models|210|
661|843|1|5 models|70|
662|843|2|10 models|140|
663|844|1|5 models|65|
664|844|2|10 models|130|
665|845|1|2 models|180|
666|845|2|4 models|360|
667|846|1|1 model|35|
668|847|1|4 models|50|
669|848|1|10 models|85|
670|849|1|10 models|95|
671|850|1|5 models|70|
672|850|2|10 models|140|
673|851|1|5 models|75|
674|851|2|10 models|150|
675|852|1|1 model|75|
676|852|2|2 models|150|
677|852|3|3 models|225|
678|853|1|1 model|65|
679|853|2|2 models|130|
680|853|3|3 models|195|
681|854|1|1 model|155|
682|855|1|1 model|375|
683|856|1|1 model|375|
684|857|1|1 model|385|
685|858|1|1 model|375|
686|859|1|1 model|395|
687|860|1|1 model|700|
688|861|1|1 model|395|
689|862|1|1 model|405|
690|863|1|1 model|395|
691|864|1|1 model|395|
692|865|1|1 model|385|
693|866|1|1 model|385|
694|867|1|1 model|1100|
695|868|1|1 model|2200|
696|869|1|1 model|3500|
697|870|1|1 model (<ky>AGENTS OF THE IMPERIUM</ky> Detachment)|110|
698|870|2|1 model (Assigned Agent)|125|
699|871|1|1 model|100|
700|872|1|1 model (<ky>AGENTS OF THE IMPERIUM</ky> Detachment)|110|
701|872|2|1 model (Assigned Agent)|120|
702|873|1|1 model|85|
703|874|1|1 model|65|
704|875|1|1 model|140|
705|876|1|1 model (<ky>AGENTS OF THE IMPERIUM</ky> Detachment)|75|
706|876|2|1 model (Assigned Agent)|95|
707|877|1|1 model|55|
708|882|1|4 models|160|
709|882|2|5 models|200|
710|883|1|1 model|170|
711|884|1|1 model|220|
712|889|1|1 model|60|
713|894|1|2 models|40|
714|894|2|4 models|80|
715|895|1|2 models|55|
716|895|2|4 models|110|
717|896|1|3 models|45|
718|896|2|10 models|140|
719|897|1|1 model|75|
720|897|2|2 models|150|
721|898|1|3 models|150|
722|899|1|1 model|50|
723|900|1|1 model|65|
724|901|1|1 model|50|
725|902|1|1 model|40|
726|903|1|10 models|105|
727|904|1|5 models|80|
728|904|2|10 models|160|
729|907|1|5 models|75|
730|907|2|10 models|160|
731|908|1|5 models|105|
732|909|1|10 models|115|
733|910|1|1 model|75|
734|911|1|1 model|115|
735|912|1|1 model|210|
736|914|1|1 model|275|
737|917|1|1 model|140|
738|918|1|1 model|260|
739|919|1|1 model|225|
740|920|1|1 model|550|
741|921|1|1 model|525|
742|922|1|1 model|155|
743|923|1|1 model|125|
744|924|1|1 model|270|
745|925|1|1 model|80|
746|926|1|1 model|90|
747|928|1|2 models|85|
748|929|1|1 model|90|
749|930|1|1 model|95|
750|931|1|1 model|95|
751|932|1|1 model|115|
752|933|1|1 model|100|
753|934|1|1 model|90|
754|935|1|1 model|100|
755|936|1|3 models|65|
756|937|1|1 model|165|
757|938|1|1 model|60|
758|939|1|1 model|80|
759|940|1|1 model|75|
760|941|1|1 model|80|
761|942|1|1 model|80|
762|943|1|1 model|85|
763|944|1|1 model|70|
764|946|1|10 models|50|
765|946|2|20 models|100|
766|947|1|5 models|180|
767|947|2|10 models|360|
768|952|1|5 models|125|
769|952|2|10 models|250|
770|953|1|5 models|120|
771|953|2|10 models|240|
772|954|1|1 model|130|
773|955|1|3 models|185|
774|956|1|1 model|75|
775|957|1|3 models|70|
776|957|2|6 models|130|
777|958|1|5 models|90|
778|958|2|10 models|170|
779|959|1|5 models|125|
780|959|2|10 models|270|
781|960|1|2 models|70|
782|961|1|1 model|205|
783|962|1|1 model|220|
784|963|1|1 model|140|
785|964|1|1 model|185|
786|965|1|2 models|160|
787|966|1|5 models|125|
788|967|1|1 model|180|
789|968|1|1 model|130|
790|969|1|1 model|190|
791|970|1|1 model|450|
792|1016|1|1 model|85|
793|1017|1|1 model|85|
794|1020|1|5 models|105|
795|1020|2|10 models|190|
796|1021|1|1 model|110|
797|1022|1|1 model|90|
798|1023|1|2 models|65|
799|1024|1|1 model|215|
800|1025|1|1 model|220|
801|1026|1|1 model|140|
802|1027|1|1 model|185|
803|1028|1|1 model|140|
804|1029|1|1 model|130|
805|1030|1|1 model|165|
806|1031|1|1 model|435|
807|1032|1|1 model|100|
808|1033|1|1 model|80|
809|1034|1|10 models|70|
810|1034|2|20 models|160|
811|1035|1|5 models|180|
812|1035|2|10 models|360|
813|1036|1|1 model|180|
814|1037|1|1 model|65|
815|1038|1|1 model|85|
816|1041|1|1 model|70|
817|1043|1|10 models|50|
818|1043|2|20 models|100|
819|1044|1|5 models|95|
820|1044|2|7 models|130|
821|1044|3|10 models|190|
822|1045|1|5 models|155|
823|1045|2|10 models|310|
824|1046|1|1 model|115|
825|1047|1|1 model|85|
826|1048|1|2 models|80|
827|1049|1|1 model|240|
828|1050|1|1 model|135|
829|1051|1|1 model|165|
830|1052|1|1 model|195|
831|1053|1|1 model|100|
832|1054|1|1 model|120|
833|1055|1|1 model|60|
834|1056|1|10 models|65|
835|1056|2|20 models|130|
836|1057|1|1 model|100|
837|1058|1|1 model|50|
838|1094|1|1 model|385|
839|1095|1|1 model|385|
840|1096|1|1 model|385|
841|1097|1|1 model|395|
842|1098|1|1 model|375|
843|1099|1|1 model|700|
844|1100|1|1 model|375|
845|1104|1|1 model|75|
846|1105|1|1 model|305|
847|1106|1|1 model|85|
848|1111|1|1 model|165|
849|1112|1|5 models|75|
850|1112|2|10 models|150|
851|1114|1|10 models|110|
852|1115|1|3 models|110|
853|1115|2|6 models|220|
854|1116|1|1 model|95|
855|1117|1|1 model|270|
856|1118|1|1 model|90|
857|1119|1|1 model|75|
858|1120|1|1 model|260|
859|1125|1|3 models|65|
860|1125|2|6 models|130|
861|1126|1|1 model|65|
862|1127|1|3 models|80|
863|1127|2|6 models|160|
864|1128|1|1 model|115|
865|1129|1|1 model|80|
866|1130|1|1 model|250|
867|1132|1|10 models|110|
868|1133|1|3 models|40|
869|1133|2|6 models|70|
870|1134|1|1 model|65|
871|1134|2|2 models|130|
872|1135|1|3 models|110|
873|1135|2|6 models|220|
874|1136|1|1 model|95|
875|1137|1|1 model|270|
876|1138|1|1 model|60|
877|1139|1|1 model|70|
878|1141|1|1 model|140|
879|1142|1|10 models|100|
880|1143|1|3 models|95|
881|1143|2|6 models|190|
882|1144|1|1 model|80|
883|1144|2|2 models|160|
884|1145|1|5 models|80|
885|1145|2|10 models|160|
886|1146|1|1 model|65|
887|1146|2|2 models|130|
888|1147|1|1 model|115|
889|1148|1|1 model|375|
890|1149|1|1 model|190|
891|1150|1|5 models|40|
892|1150|2|10 models|80|
893|1151|1|1 model|180|
894|1153|1|1 model|270|
895|1154|1|5 models|120|
896|1154|2|10 models|240|
897|1156|1|1 model|125|
898|1157|1|5 models|80|
899|1157|2|10 models|160|
900|1158|1|1 model|60|
901|1159|1|5 models|80|
902|1159|2|10 models|160|
903|1160|1|5 models|70|
904|1160|2|10 models|140|
905|1161|1|1 model|160|
906|1162|1|1 model|70|
907|1163|1|1 model|180|
908|1164|1|2 models|90|
909|1165|1|1 model|45|
910|1166|1|2 models|110|
911|1166|2|5 models|275|
912|1167|1|1 model|60|
913|1168|1|1 model|95|
914|1169|1|1 model|95|
915|1172|1|1 model|80|
916|1174|1|1 model|60|
917|1175|1|1 model|240|
918|1177|1|5 models|100|
919|1177|2|10 models|200|
920|1178|1|1 model|175|
921|1179|1|1 model|900|
922|1182|1|1 model|90|
923|1183|1|5 models|170|
924|1183|2|10 models|340|
925|1184|1|1 model|285|
926|1185|1|1 model|160|
927|1188|1|1 model|185|
928|1189|1|1 model|540|
929|1190|1|1 model|165|
930|1191|1|1 model|280|
931|1192|1|1 model|150|
932|1193|1|3 models|165|
933|1193|2|6 models|330|
934|1197|1|1 model|805|
935|1199|1|1 model|130|
936|1237|1|1 model|185|
937|1293|1|1 model|160|
938|1294|1|1 model|150|
939|1295|1|1 model|165|
940|1297|1|1 model|400|
941|1298|1|1 model|500|
942|1302|1|1 model|115|
943|1310|1|1 model|115|
944|1311|1|1 model|300|
945|1317|1|1 model|115|
946|1318|1|1 model|140|
947|1321|1|1 model|840|
948|1329|1|1 model|415|
949|1332|1|1 model|320|
950|1333|1|1 model|315|
951|1336|1|3 models|120|
952|1337|1|3 models|160|
953|1338|1|1 model|145|
954|1339|1|1 model|130|
955|1340|1|1 model|275|
956|1344|1|1 model|75|
957|1345|1|1 model|55|
958|1346|1|1 model|65|
959|1347|1|1 model|250|
960|1348|1|1 model|80|
961|1355|1|1 model|70|
962|1360|1|1 model|225|
963|1361|1|1 model|80|
964|1362|1|1 model|65|
965|1363|1|1 model|160|
966|1364|1|1 model|170|
967|1367|1|1 model|75|
968|1368|1|1 model|60|
969|1369|1|1 model|50|
970|1370|1|1 model|50|
971|1371|1|3 models|160|
972|1371|2|6 models|320|
973|1372|1|3 models|115|
974|1372|2|5 models|185|
975|1372|3|10 models|370|
976|1374|1|1 model|100|
977|1374|2|2 models|200|
978|1376|1|1 model|210|
979|1377|1|1 model|380|
980|1383|1|3 models|110|
981|1385|1|1 model|50|
982|1386|1|1 model|100|
983|1387|1|1 model|100|
984|1388|1|1 model|250|
985|1389|1|1 model|230|
986|1390|1|1 model|170|
987|1391|1|3 models|110|
988|1392|1|1 model|100|
989|1393|1|1 model|115|
990|1394|1|1 model|35|
991|1396|1|1 model|45|
992|1397|1|4 models|35|
993|1398|1|1 model|40|
994|1400|1|1 model|45|
995|1406|1|1 model|55|
996|1423|1|1 model|105|
997|1446|1|1 model|140|
998|1447|1|1 model|120|
999|1448|1|1 model|130|
1000|1449|1|1 model|150|
1001|1450|1|4 models|210|
1002|1450|2|5 models|260|
1003|1453|1|2 models|120|
1004|1453|2|3 models|180|
1005|1453|3|5 models|300|
1006|1453|4|6 models|360|
1007|1454|1|2 models|150|
1008|1454|2|3 models|225|
1009|1455|1|1 model|65|
1010|1456|1|1 model|100|
1011|1458|1|1 model|155|
1012|1460|1|1 model|215|
1013|1461|1|1 model|200|
1014|1462|1|1 model|60|
1015|1463|1|1 model|95|
1016|1464|1|1 model|60|
1017|1465|1|1 model|250|
1018|1466|1|1 model|120|
1019|1467|1|1 model|55|
1020|1468|1|1 model|55|
1021|1469|1|1 model|60|
1022|1470|1|1 model|100|
1023|1472|1|1 model|60|
1024|1474|1|3 models|55|
1025|1474|2|6 models|90|
1026|1476|1|1 model|175|
1027|1477|1|1 model|80|
1028|1478|1|1 model|80|
1029|1479|1|1 model|225|
1030|1481|1|1 model|140|
1031|1482|1|1 model|140|
1032|1483|1|1 model|365|
1033|1484|1|1 model|415|
1034|1485|1|1 model|410|
1035|1486|1|1 model|410|
1036|1523|1|5 models|75|
1037|1523|2|10 models|150|
1038|1524|1|1 model|75|
1039|1525|1|5 models|65|
1040|1525|2|10 models|130|
1041|1526|1|5 models|50|
1042|1526|2|10 models|100|
1043|1527|1|1 model|110|
1044|1533|1|1 model|200|
1045|1536|1|1 model|80|
1046|1537|1|1 model|80|
1047|1538|1|1 model|70|
1048|1539|1|1 model|70|
1049|1540|1|1 model|70|
1050|1541|1|1 model|75|
1051|1542|1|1 model|95|
1052|1545|1|1 model|80|
1053|1546|1|1 model|85|
1054|1553|1|1 model|50|
1055|1556|1|1 model|90|
1056|1557|1|1 model|165|
1057|1558|1|3 models|195|
1058|1558|2|6 models|390|
1059|1559|1|5 models|250|
1060|1560|1|3 models|225|
1061|1560|2|6 models|450|
1062|1561|1|3 models|165|
1063|1561|2|6 models|330|
1064|1562|1|1 model|105|
1065|1563|1|5 models|225|
1066|1564|1|1 model|690|
1067|1565|1|1 model|55|
1068|1567|1|1 model|50|
1069|1568|1|1 model|45|
1070|1569|1|1 model|50|
1071|1570|1|1 model|60|
1072|1571|1|1 model|60|
1073|1572|1|1 model|50|
1074|1573|1|1 model|95|
1075|1573|2|2 models|170|
1076|1574|1|5 models|85|
1077|1574|2|10 models|150|
1078|1576|1|1 model|125|
1079|1577|1|1 model|540|
1080|1579|1|1 model|65|
1081|1580|1|1 model|60|
1082|1581|1|1 model|60|
1083|1583|1|1 model|160|
1084|1584|1|1 model|80|
1085|1586|1|1 model|110|
1086|1587|1|1 model|125|
1087|1588|1|1 model|105|
1088|1589|1|1 model|60|
1089|1596|1|2 models|50|
1090|1598|1|1 model|75|
1091|1600|1|1 model|60|
1092|1601|1|4 models|55|
1093|1603|1|4 models|35|
1094|1604|1|10 models|70|
1095|1606|1|5 models|75|
1096|1606|2|10 models|150|
1097|1607|1|1 model|230|
1098|1608|1|1 model|220|
1099|1609|1|1 model|290|
1100|1610|1|1 model|150|
1101|1611|1|1 model|75|
1102|1630|1|1 model|85|
1103|1647|1|1 model|100|
1104|1648|1|1 model|380|
1105|1649|1|1 model|120|
1106|1650|1|1 model|85|
1107|1651|1|1 model|165|
1108|1658|1|1 model|375|
1109|1659|1|1 model|410|
1110|1660|1|1 model|365|
1111|1661|1|1 model|365|
1112|1662|1|1 model|765|
1113|1663|1|1 model|150|
1114|1664|1|1 model|765|
1115|1666|1|1 model|420|
1116|1667|1|1 model|160|
1117|1668|1|3 models|85|
1118|1680|1|1 model|580|
1119|1822|1|1 model|40|
1120|1825|1|1 model|150|
1121|1991|1|1 model|200|
1122|1993|1|1 model|40|
1123|1994|1|1 model|160|
1124|1997|1|5 models|85|
1125|1997|2|10 models|160|
1126|2063|1|1 model|235|
1127|2064|1|1 model|80|
1128|2066|1|5 models|80|
1129|2066|2|10 models|160|
1130|2067|1|1 model|70|
1131|2067|2|2 models|140|
1132|2068|1|1 model|170|
1133|2076|1|1 model|55|
1134|2076|2|2 models|110|
1135|2076|3|3 models|165|
1136|2077|1|1 model|2600|
1137|2080|1|1 model|55|
1138|2081|1|3 models|55|
1139|2081|2|6 models|110|
1140|2082|1|3 models|60|
1141|2082|2|6 models|120|
1142|2083|1|5 models|80|
1143|2083|2|10 models|160|
1144|2084|1|5 models|70|
1145|2084|2|10 models|140|
1146|2085|1|1 model|150|
1147|2086|1|1 model|185|
1148|2087|1|1 model|160|
1149|2088|1|1 model|65|
1150|2090|1|1 model (<ky>AGENTS OF THE IMPERIUM</ky> Detachment)|75|
1151|2090|2|1 model (Assigned Agent)|95|
1152|2092|1|1 model|165|
1153|2093|1|1 model|70|
1154|2098|1|5 models|110|
1155|2098|2|10 models|220|
1156|2099|1|3 models|100|
1157|2099|2|6 models|200|
1158|2100|1|1 model|85|
1159|2102|1|1 model|100|
1160|2103|1|5 models|165|
1161|2105|1|1 model|100|
1162|2108|1|1 model|55|
1163|2109|1|1 model|90|
1164|2110|1|3 models|90|
1165|2110|2|6 models|180|
1166|2111|1|2 models|60|
1167|2112|1|1 model|75|
1168|2114|1|3 models|40|
1169|2114|2|6 models|80|
1170|2115|1|1 model|140|
1171|2116|1|1 model|55|
1172|2116|2|2 models|110|
1173|2116|3|3 models|165|
1174|2173|1|1 model|270|
1175|2199|1|3 models|200|
1176|2202|1|5 models|120|
1177|2202|2|10 models|200|
1178|2234|1|1 model|55|
1179|2252|1|1 model|300|
1180|2255|1|5 models|100|
1181|2255|2|10 models|200|
1182|2258|1|1 model|140|
1183|2266|1|1 model|65|
1184|2267|1|1 model|95|
1185|2268|1|1 model|115|
1186|2269|1|1 model|160|
1187|2270|1|5 models|200|
1188|2285|1|5 models|85|
1189|2285|2|10 models|160|
1190|2291|1|1 model|115|
1191|2296|1|1 model|70|
1192|2302|1|5 models|200|
1193|2302|2|10 models|400|
1194|2350|1|1 model|50|
1195|2351|1|1 model|80|
1196|2352|1|1 model|80|
1197|2353|1|1 model|55|
1198|2354|1|1 model|65|
1199|2355|1|1 model|75|
1200|2357|1|1 model|300|
1201|2358|1|3 models|80|
1202|2358|2|6 models|160|
1203|2359|1|1 model|40|
1204|2359|2|2 models|60|
1205|2359|3|3 models|90|
1206|2359|4|6 models|180|
1207|2360|1|3 models|400|
1208|2361|1|1 model|60|
1209|2361|2|2 models|120|
1210|2361|3|3 models|180|
1211|2362|1|1 model|920|
1212|2363|1|1 model|45|
1213|2374|1|10 models|110|
1214|2375|1|5 models|45|
1215|2377|1|3 models|65|
1216|2378|1|1 model|35|
1217|2379|1|1 model|90|
1218|2453|1|1 model|225|
1219|2459|1|2 models|105|
1220|2460|1|1 model|100|
1221|2461|1|1 model|145|
1222|2462|1|1 model|105|
1223|2468|1|1 model|80|
1224|2471|1|4 models|95|
1225|2472|1|1 model|50|
1226|2473|1|1 model|90|
1227|2477|1|1 model|45|
1228|2478|1|1 model|35|
1229|2479|1|1 model|170|
1230|2480|1|2 models|70|
1231|2481|1|5 models|70|
1232|2481|2|10 models|130|
1233|2482|1|1 model|45|
1234|2483|1|3 models|210|
1235|2484|1|1 model|160|
1236|2485|1|6 models|100|
1237|2488|1|1 model|90|
1238|2489|1|1 model|80|
1239|2490|1|1 model|110|
1240|2491|1|1 model|70|
1241|2492|1|1 model|60|
1242|2493|1|1 model|145|
1243|2494|1|10 models|95|
1244|2494|2|20 models|190|
1245|2496|1|4 models|150|
1246|2496|2|8 models|300|
1247|2497|1|1 model|155|
1248|2498|1|1 model|135|
1249|2499|1|1 model|135|
1250|2500|1|1 model|95|
1251|2501|1|1 model|130|
1252|2507|1|10 models|100|
1253|2509|1|6 models (<ky>AGENTS OF THE IMPERIUM</ky> Detachment)|50|
1254|2509|2|6 models (Assigned Agent)|70|
1255|2518|1|1 model|120|
1256|2519|1|1 model|110|
1257|2520|1|1 model|55|
1258|2521|1|4 models|40|
1259|2521|2|5 models|50|
1260|2521|3|9 models|75|
1261|2521|4|10 models|85|
1262|2522|1|4 models|50|
1263|2522|2|5 models|65|
1264|2522|3|9 models|100|
1265|2522|4|10 models|110|
1266|2523|1|4 models|50|
1267|2523|2|5 models|65|
1268|2523|3|9 models|115|
1269|2523|4|10 models|125|
1270|2524|1|1 model|75|
1271|2525|1|1 model|65|
1272|2528|1|1 model|170|
1273|2529|1|1 model|80|
1274|2530|1|1 model|55|
1275|2531|1|5 models|65|
1276|2531|2|10 models|110|
1277|2532|1|5 models|80|
1278|2532|2|10 models|160|
1279|2533|1|3 models|80|
1280|2533|2|6 models|160|
1281|2534|1|1 model|75|
1282|2535|1|1 model|60|
1283|2536|1|5 models|85|
1284|2536|2|6 models|100|
1285|2536|3|11 models|190|
1286|2536|4|12 models|205|
1287|2537|1|1 model|90|
1288|2538|1|1 model|115|
1289|2539|1|2 models|95|
1290|2539|2|4 models|190|
1291|2540|1|1 model|125|
1292|2541|1|1 model|80|
1293|2542|1|1 model|100|
1294|2543|1|1 model|90|
1295|2544|1|1 model|260|
1296|2562|1|1 model|130|
1297|2563|1|1 model|140|
1298|2564|1|1 model|150|
1299|2565|1|1 model|140|
1300|2566|1|1 model|140|
1301|2567|1|1 model|355|
1302|2568|1|1 model|80|
1303|2569|1|5 models|90|
1304|2570|1|5 models|90|
1305|2570|2|10 models|170|
1306|2571|1|8 models|90|
1307|2571|2|16 models|195|
1308|2572|1|1 model|135|
1309|2582|1|1 model|305|
1310|2583|1|10 models|125|
1311|2584|1|10 models|140|
1312|2587|1|10 models|90|
1313|2588|1|12 models|85|
1314|2589|1|2 models|55|
1315|2590|1|10 models|70|
1316|2591|1|16 models|85|
1317|2592|1|7 models|125|
1318|2593|1|1 model|95|
1319|2594|1|1 model|70|
1320|2595|1|1 model|70|
1321|2596|1|3 models|65|
1322|2597|1|5 models|75|
1323|2598|1|10 models|100|
1324|2599|1|5 models|135|
1325|2599|2|10 models|270|
1326|2600|1|5 models|100|
1327|2600|2|10 models|200|
1328|2601|1|3 models|80|
1329|2601|2|6 models|160|
1330|2602|1|1 model|95|
1331|2603|1|3 models|80|
1332|2603|2|6 models|160|
1333|2604|1|1 model|240|
1334|2605|1|1 model|130|
1335|2606|1|1 model|85|
1336|2607|1|1 model|55|
1337|2609|1|5 models|65|
1338|2610|1|3 models|40|
1339|2612|1|10 models|65|
1340|2612|2|20 models|120|
1341|2613|1|10 models|65|
1342|2613|2|20 models|145|
1343|2614|1|10 models|65|
1344|2614|2|20 models|120|
1345|2615|1|10 models|110|
1346|2616|1|5 models|60|
1347|2616|2|10 models|120|
1348|2617|1|1 model|250|
1349|2619|1|1 model|145|
1350|2621|1|1 model|360|
1351|2622|1|1 model|100|
1352|2623|1|1 model|110|
1353|2624|1|1 model|200|
1354|2625|1|1 model|90|
1355|2626|1|1 model|60|
1356|2627|1|10 models|180|
1357|2627|2|20 models|360|
1358|2628|1|10 models|65|
1359|2628|2|20 models|140|
1360|2629|1|5 models|175|
1361|2629|2|10 models|350|
1362|2630|1|3 models|135|
1363|2630|2|6 models|270|
1364|2631|1|3 models|140|
1365|2631|2|6 models|280|
1366|2632|1|1 model|120|
1367|2633|1|2 models|90|
1368|2634|1|1 model|220|
1369|2635|1|1 model|180|
1370|2636|1|1 model|145|
1371|2637|1|1 model|145|
1372|2638|1|1 model|170|
1373|2639|1|1 model|150|
1374|2640|1|1 model|85|
1375|2641|1|1 model|200|
1376|2642|1|1 model|505|
1377|2677|1|1 model|75|
1378|2678|1|1 model|80|
1379|2679|1|1 model|175|
1380|2682|1|1 model|315|
1381|2683|1|11 models|85|
1382|2684|1|11 models (<ky>AGENTS OF THE IMPERIUM</ky> Detachment)|85|
1383|2684|2|11 models (Assigned Agent)|100|
1384|2685|1|11 models|90|
1385|2686|1|5 models|55|
1386|2686|2|10 models|110|
1387|2687|1|11 models|45|
1388|2687|2|22 models|90|
1389|2688|1|1 model|105|
1390|2689|1|1 model|110|
1391|2690|1|1 model|135|
1392|2691|1|3 models|75|
1393|2691|2|6 models|150|
1394|2692|1|3 models|65|
1395|2692|2|6 models|130|
1396|2693|1|3 models|70|
1397|2693|2|6 models|140|
1398|2694|1|1 model|65|
1399|2700|1|1 model|525|
1400|2701|1|1 model|70|
1401|2702|1|1 model|95|
1402|2703|1|3 models|150|
1403|2703|2|6 models|300|
1404|2704|1|1 model|480|
1405|2705|1|1 model|160|
1406|2706|1|1 model|150|
1407|2707|1|1 model|70|
1408|2708|1|1 model|100|
1409|2709|1|1 model|70|
1410|2710|1|1 model|220|
1411|2711|1|1 model|80|
1412|2712|1|3 models|80|
1413|2712|2|6 models|160|
1414|2712|3|Invader ATV|60|
1415|2713|1|1 model|90|
1416|2714|1|1 model|135|
1417|2715|1|1 model|140|
1418|2717|1|1 model|195|
1419|2718|1|5 models|80|
1420|2718|2|10 models|160|
1421|2719|1|1 model|140|
1422|2720|1|1 model|105|
1423|2721|1|1 model|180|
1424|2722|1|1 model|220|
1425|2723|1|1 model|75|
1426|2724|1|1 model|495|
1427|2725|1|5 models|85|
1428|2726|1|1 model|100|
1429|2727|1|1 model|190|
1430|2728|1|1 model|115|
1431|2729|1|1 model|115|
1432|2730|1|1 model|180|
1433|2731|1|1 model|65|
1434|2732|1|3 models|75|
1435|2733|1|4 models|40|
1436|2733|2|7 models|70|
1437|2734|1|3 models|95|
1438|2735|1|3 models|95|
1439|2736|1|3 models|130|
1440|2737|1|5 models|120|
1441|2737|2|10 models|230|
1442|2738|1|1 model|100|
1443|2739|1|1 model|110|
1444|2740|1|1 model|85|
1445|2741|1|1 model|170|
1446|2742|1|1 model|170|
1447|2743|1|1 model|180|
1448|2744|1|1 model|150|
1449|2745|1|1 model|145|
1450|2746|1|5 models|70|
1451|2746|2|10 models|140|
1452|2748|1|3 models|120|
1453|2749|1|1 model|195|
1454|2750|1|1 model|45|
1455|2751|1|1 model|260|
1456|2752|1|1 model|275|
1457|2753|1|1 model|70|
1458|2755|1|1 model|100|
1459|2757|1|1 model|180|
1460|2758|1|1 model|180|
1461|2759|1|1 model|80|
1462|2760|1|1 model|70|
1463|2761|1|5 models|90|
1464|2761|2|10 models|180|
1465|2762|1|4 models (<ky>AGENTS OF THE IMPERIUM</ky> Detachment)|75|
1466|2762|2|4 models (Assigned Agent)|105|
1467|2763|1|1 model|40|
1468|2764|1|1 model|40|
1469|2765|1|1 model (<ky>AGENTS OF THE IMPERIUM</ky> Detachment)|60|
1470|2765|2|1 model (Assigned Agent)|75|
1471|2766|1|1 model|55|
1472|2767|1|6 models (<ky>AGENTS OF THE IMPERIUM</ky> Detachment)|50|
1473|2767|2|12 models (<ky>AGENTS OF THE IMPERIUM</ky> Detachment)|100|
1474|2767|3|6 models (Assigned Agent)|60|
1475|2767|4|12 models (Assigned Agent)|120|
1476|2768|1|1 model|95|
1477|2769|1|1 model|150|
1478|2771|1|2 models|85|
1479|2772|1|4 models|105|
1480|2773|1|1 model|50|
1481|2775|1|1 model|50|
1482|2776|1|5 models|90|
1483|2776|2|10 models|170|
1484|2779|1|10 models|180|
1485|2780|1|10 models|180|
1486|2781|1|10 models|250|
1487|2783|1|5 models|100|
1488|2783|2|10 models|190|
1489|2786|1|1 model|85|
1490|2787|1|1 model|160|
1491|2788|1|1 model|160|
1492|2789|1|1 model|160|
1493|2790|1|1 model|220|
1494|2791|1|1 model|180|
1495|2792|1|4 models|110|
1496|2793|1|1 model|60|
1497|2794|1|1 model|120|
1498|2795|1|1 model|90|
1499|2796|1|1 model|80|
1500|2798|1|4 models|105|
1501|2798|2|5 models|130|
1502|2798|3|9 models|235|
1503|2798|4|10 models|260|
1504|2799|1|1 Sword Brother, 5 Initiates and 4 Neophytes|150|
1505|2799|2|1 Sword Brother, 11 Initiates and 8 Neophytes|310|
1506|2801|1|1 model|165|
1507|2802|1|1 model|35|
1508|2803|1|1 model|40|
1509|2804|1|1 model|30|
1510|2805|1|1 model|20|
1511|2806|1|5 models|80|
1512|2806|2|10 models|160|
1513|2808|1|1 model|180|
1514|2809|1|1 model|140|
1515|2809|2|2 models|280|
1516|2810|1|1 model|140|
1517|2811|1|1 model|145|
1518|3582|1|10 models|180|
1519|3582|2|20 models|360|
1520|3583|1|5 models|105|
1521|3583|2|10 models|190|
1522|3584|1|5 models|95|
1523|3584|2|7 models|130|
1524|3584|3|10 models|190|
1525|3585|1|1 model|840|
1526|3586|1|1 model|150|
1527|3587|1|1 model|160|
1528|3588|1|1 model|840|
1529|3589|1|1 model|500|
1530|3590|1|1 model|400|
1531|3591|1|1 model|840|
1532|3592|1|1 model|90|
1533|3593|1|7 models|125|
1534|3594|1|1 model|115|
1535|3595|1|1 model|140|
1536|3596|1|16 models|85|
1537|3597|1|1 model|100|
1538|3598|1|1 model|115|
1539|3599|1|1 model|140|
1540|3600|1|1 model|80|
1541|3601|1|1 model|115|
1542|3602|1|1 model|140|
1543|3603|1|1 model|200|
1544|3604|1|1 model|200|
1545|3605|1|1 model|200|
1546|3606|1|1 model|200|
1547|3607|1|1 model|230|
1548|3608|1|1 model|230|
1549|3609|1|1 model|230|
1550|3610|1|1 model|230|
1551|3611|1|1 model|220|
1552|3612|1|1 model|220|
1553|3613|1|1 model|220|
1554|3614|1|1 model|220|
1555|3615|1|1 model|290|
1556|3616|1|1 model|290|
1557|3617|1|1 model|290|
1558|3618|1|1 model|290|
1559|3619|1|1 model|300|
1560|3620|1|1 model|300|
1561|3621|1|1 model|300|
1562|3622|1|1 model|300|
1563|3623|1|1 model|160|
1564|3624|1|1 model|160|
1565|3625|1|1 model|160|
1566|3626|1|1 model|160|
1567|3627|1|1 model|270|
1568|3628|1|1 model|270|
1569|3629|1|1 model|270|
1570|3630|1|1 model|270|
1571|3631|1|1 model|240|
1572|3632|1|1 model|240|
1573|3633|1|1 model|240|
1574|3634|1|1 model|240|
1575|3635|1|1 model|900|
1576|3636|1|1 model|900|
1577|3637|1|1 model|900|
1578|3638|1|1 model|900|
1579|3639|1|1 model|160|
1580|3640|1|1 model|160|
1581|3641|1|1 model|160|
1582|3642|1|1 model|160|
1583|3643|1|1 model|540|
1584|3644|1|1 model|540|
1585|3645|1|1 model|540|
1586|3646|1|1 model|540|
1587|3647|1|1 model|160|
1588|3648|1|1 model|160|
1589|3649|1|1 model|160|
1590|3650|1|1 model|160|
1591|3651|1|1 model|480|
1592|3652|1|1 model|480|
1593|3653|1|1 model|480|
1594|3654|1|1 model|480|
1595|3655|1|1 model|140|
1596|3656|1|1 model|140|
1597|3657|1|1 model|140|
1598|3658|1|1 model|140|
1599|3659|1|1 model|115|
1600|3660|1|1 model|115|
1601|3661|1|1 model|115|
1602|3662|1|1 model|115|
1603|3663|1|1 model|115|
1604|3664|1|1 model|115|
1605|3665|1|1 model|115|
1606|3666|1|1 model|115|
1607|3667|1|1 model|90|
1608|3668|1|1 model|90|
1609|3669|1|1 model|90|
1610|3670|1|1 model|90|
1611|3671|1|1 model|250|
1612|3672|1|1 model|250|
1613|3673|1|1 model|250|
1614|3674|1|1 model|250|
1615|3675|1|1 model|180|
1616|3676|1|1 model|180|
1617|3677|1|1 model|180|
1618|3678|1|1 model|180|
1619|3679|1|1 model|320|
1620|3680|1|1 model|320|
1621|3681|1|1 model|320|
1622|3682|1|1 model|320|
1623|3683|1|1 model|160|
1624|3684|1|1 model|160|
1625|3685|1|1 model|160|
1626|3686|1|1 model|160|
1627|3687|1|1 model|420|
1628|3688|1|1 model|420|
1629|3689|1|1 model|420|
1630|3690|1|1 model|420|
1631|3693|1|1 model|85|
1632|3694|1|1 model|55|
1633|3694|2|2 models|100|
1634|3694|3|3 models|150|
1635|3695|1|1 model|50|
1636|3698|1|3 models|90|
1637|3698|2|6 models|180|
1638|3699|1|3 models|140|
1639|3700|1|3 models|120|
1640|3701|1|3 models|110|
1641|3702|1|1 model|55|
1642|3703|1|1 model|50|
1643|3704|1|1 model|45|
1644|3705|1|1 model|80|
1645|3706|1|3 models|85|
1646|3706|2|6 models|170|
1647|3707|1|1 model|70|
1648|3709|1|1 model|70|
1649|3710|1|10 models|90|
1650|3711|1|1 model|80|
1651|3712|1|1 model|45|
1652|3713|1|10 models|50|
1653|3713|2|20 models|100|
1654|3714|1|1 model|75|
1655|3715|1|1 model|70|
1656|3716|1|5 models|70|
1657|3716|2|10 models|140|
1658|3811|1|1 model|45|
1659|3812|1|1 model|40|
1660|3813|1|5 models (<ky>AGENTS OF THE IMPERIUM</ky> Detachment)|190|
1661|3813|2|5 models (Assigned Agent)|210|
1662|3814|1|1 model|65|
1663|3815|1|1 model (<ky>AGENTS OF THE IMPERIUM</ky> Detachment)|95|
1664|3815|2|1 model (Assigned Agent)|105|
1665|3816|1|5 models|100|
1666|3816|2|10 models (<ky>AGENTS OF THE IMPERIUM</ky> Detachment)|190|
1667|3816|3|10 models (Assigned Agent)|200|
1668|3817|1|1 model|180|
1669|3818|1|10 models (<ky>AGENTS OF THE IMPERIUM</ky> Detachment)|100|
1670|3818|2|1 model (Assigned Agent)|115|
1671|3819|1|1 model (<ky>AGENTS OF THE IMPERIUM</ky> Detachment)|100|
1672|3819|2|1 model (Assigned Agent)|115|
1673|3820|1|1 model|70|
1674|3821|1|11 models|220|
1675|3822|1|5 models|210|
1676|3822|2|10 models|420|
1677|3823|1|3 models|70|
1678|3823|2|6 models|140|
1679|3824|1|5 models|160|
1680|3824|2|10 models|320|
1681|3825|1|5 models|100|
1682|3825|2|10 models|200|
1683|3826|1|5 models|120|
1684|3826|2|10 models|240|
1685|3827|1|5 models|90|
1686|3827|2|10 models|180|
1687|3828|1|1 model|40|
1688|3828|2|2 models|80|
1689|3829|1|1 model|30|
1690|3830|1|1 model|75|
1691|3831|1|1 model|80|
1692|3832|1|1 model|70|
1693|3833|1|1 model|75|
1694|3834|1|10 models|100|
1695|3835|1|1 model|145|
1696|3836|1|5 models|125|
1697|3836|2|10 models|250|
1698|3837|1|5 models|140|
1699|3837|2|10 models|280|
1700|3838|1|1 model|70|
1701|3839|1|1 model|65|
1702|3840|1|1 model|60|
1703|3841|1|1 model|35|
1704|3842|1|10 models|85|
1705|3843|1|10 models|95|
1706|3844|1|1 model|45|
1707|3845|1|5 models|90|
1708|3846|1|2 models|55|
1709|3847|1|1 model|65|
1710|3848|1|1 model|60|
1711|3849|1|10 models|50|
1712|3849|2|20 models|100|
1713|3850|1|10 models|50|
1714|3850|2|20 models|100|
1715|3851|1|8 models|90|
1716|3851|2|16 models|195|
1717|3852|1|10 models|70|
1718|3853|1|10 models|70|
1719|3854|1|7 models|125|
1720|3855|1|16 models|85|
1721|3856|1|4 models|55|
1722|3857|1|3 models|75|
1723|3858|1|4 models|40|
1724|3858|2|7 models|70|
1725|3859|1|3 models|95|
1726|3860|1|3 models|95|
1727|3861|1|6 models|140|
1728|3871|1|1 model|95|
1729|3872|1|1 model|65|
1730|3873|1|5 models|190|
1731|3873|2|10 models|350|
1732|3874|1|10 models|275|
1733|3875|1|11 models|220|
1734|3876|1|5 models|110|
1735|3876|2|10 models|190|
1736|3877|1|1 model|80|
1737|3878|1|1 model|80|
1738|3879|1|1 model|170|
1739|3880|1|1 model|65|
1740|3881|1|10 models|85|
1741|3881|2|20 models|170|
1742|3882|1|1 model|105|
1743|3883|1|1 model|60|
1744|3884|1|1 model|135|
1745|3885|1|1 model|70|
1746|3886|1|5 models|125|
1747|3887|1|1 model|140|
1748|3888|1|3 models|70|
1749|3888|2|6 models|140|
1750|3889|1|6 models|65|
1751|3890|1|1 model|100|
1752|3891|1|5 models|65|
1753|3892|1|1 model|275|
1754|3893|1|5 models|60|
1755|3893|2|10 models|95|
1756|3894|1|3 models|65|
1757|3895|1|4 models|75|
1758|3896|1|1 model|95|
1759|3897|1|2 models|110|
1760|3898|1|5 models|60|
1761|3898|2|10 models|120|
1762|3909|1|1 model|120|
1763|3910|1|1 model|125|
1764|3911|1|1 model|75|
1765|3912|1|1 model|60|
1766|3913|1|1 model|420|
1767|3914|1|1 model|85|
1768|3915|1|1 model|45|
1769|3916|1|10 models|110|
1770|3917|1|10 models|90|
1771|3918|1|5 models|85|
1772|3918|2|10 models|170|
1773|3919|1|3 models|65|
1774|3919|2|6 models|120|
1775|3920|1|1 model|80|
1776|3921|1|1 model|70|
1777|3922|1|5 model|80|
1778|3937|1|1 model|40|
1779|3938|1|1 model|55|
1780|3939|1|5 models|65|
1781|3940|1|5 models|65|
1782|3941|1|6 models|65|
1783|3942|1|1 model|235|
1784|3943|1|1 model|60|
1785|3944|1|1 model|275|
1786|3945|1|1 model|35|
1787|3946|1|5 models|45|
1788|3947|1|5 model|80|
1789|3948|1|10 models|65|
1790|3948|2|20 models|120|
1791|3949|1|10 models|65|
1792|3949|2|20 models|120|
1793|3950|1|10 models|65|
1794|3950|2|20 models|145|
1795|3951|1|1 model|85|
1796|3952|1|1 model|75|
1797|3953|1|1 model|90|
1798|3954|1|1 model|90|
1799|3955|1|1 model|145|
1800|3956|1|1 model|110|
1801|3957|1|1 model|95|
1802|3958|1|1 model|95|
1803|3959|1|1 model|45|
1804|3959|2|2 models|90|
1805|3960|1|1 model|65|
1806|3960|2|2 models|130|
1807|3961|1|1 model|95|
1808|3962|1|5 models|60|
1809|3962|2|10 models|120|
1810|3963|1|1 model|450|
1811|3964|1|1 model|420|
1812|3965|1|1 model|450|
1813|3966|1|1 model|140|
1814|3967|1|3 models|65|
1815|3968|1|3 models|65|
1816|3969|1|5 models|60|
1817|3969|2|10 models|120|
1818|3970|1|1 model|145|
1819|3971|1|1 model|415|
1820|3972|1|2 models|110|
1821|3973|1|1 model|420|
1822|3974|1|1 model|125|
1823|3975|1|1 model|95|
1824|3976|1|10 models|110|
1825|3977|1|5 models|60|
1826|3977|2|10 models|95|
1827|3978|1|4 models|75|
1828|3979|1|1 model|185|
1829|3980|1|1 model|190|
1830|3981|1|1 model|170|
1831|3982|1|1 model|170|
1832|3983|1|1 model|180|
1833|3984|1|1 model|150|
1834|3985|1|1 model|145|
1835|3986|1|1 model|165|
1836|3987|1|1 model|250|
1837|3988|1|1 model|55|
1838|3988|2|2 models|110|
1839|3989|1|1 model|410|
1840|3990|1|1 model|430|
1841|3991|1|1 model|465|
1842|3992|1|1 model|110|
1843|3993|1|1 model|25|
1844|3994|1|1 model|480|
1845|3995|1|1 model|105|
1846|3996|1|1 model|80|
1847|3997|1|1 model|160|
1848|3998|1|1 model|40|
1849|3999|1|1 model|160|
1850|4000|1|1 model|180|
1851|4001|1|10 models|110|
1852|4002|1|1 model|325|
1853|4003|1|1 model|120|
1854|4004|1|1 model|85|
1855|4005|1|3 models|65|
1856|4006|1|1 model|275|
1857|4007|1|1 model|115|
1858|4008|1|1 model|110|
1859|4009|1|1 model|50|
1860|4010|1|1 model|50|
1861|4011|1|1 model|310|
1862|4012|1|1 model|310|
1863|4013|1|1 model|285|
1864|4014|1|1 model|310|
1865|4015|1|1 model|250|
1866|4016|1|1 model|270|
1867|4017|1|1 model|310|
1868|4018|1|1 model|235|
1869|4019|1|1 model|125|
1870|4020|1|1 model|225|
1871|4021|1|3 models|110|
1872|4022|1|4 models|35|
1873|4023|1|1 model|275|
1874|4024|1|1 model|35|
1875|4024|2|2 models|70|
1876|4024|3|3 models|105|
1877|4025|1|3 models|40|
1878|4026|1|1 model|80|
1879|4027|1|1 model|95|
1880|4028|1|1 model|55|
1881|4029|1|1 model|415|
1882|4030|1|1 model|180|
1883|4031|1|1 model|40|
1884|4031|2|2 models|80|
1885|4031|3|3 models|120|
1886|4032|1|1 model|50|
1887|4033|1|1 model|50|
1888|4034|1|1 model|80|
1889|4035|1|1 model|285|
1890|4036|1|1 model|90|
1891|4037|1|1 model|95|
1892|4038|1|1 model|80|
1893|4039|1|1 model|100|
1894|4040|1|1 model|115|
1895|4041|1|1 model|90|
1896|4042|1|1 model|100|
1897|4043|1|5 models|180|
1898|4043|2|10 models|360|
1899|4044|1|5 models|125|
1900|4044|2|10 models|250|
1901|4045|1|1 model|45|
1902|4046|1|5 models|90|
1903|4047|1|2 models|55|
1904|4048|1|1 model|65|
1905|4049|1|1 model|60|
1906|4050|1|10 models|50|
1907|4050|2|20 models|100|
1908|4051|1|10 models|50|
1909|4051|2|20 models|100|
1910|4052|1|8 models|90|
1911|4052|2|16 models|195|
1912|4053|1|10 models|70|
1913|4054|1|10 models|70|
1914|4055|1|7 models|125|
1915|4056|1|16 models|85|
1916|4057|1|4 models|55|
1917|4058|1|3 models|75|
1918|4059|1|4 models|40|
1919|4059|2|7 models|70|
1920|4060|1|3 models|95|
1921|4061|1|3 models|95|
1922|4062|1|3 models|65|
1923|4063|1|5 models|125|
1924|4064|1|5 models|90|
1925|4064|2|10 models|170|
1926|4065|1|1 model|60|
1927|4066|1|5 models|120|
1928|4066|2|10 models|240|
1929|4067|1|5 models|90|
1930|4067|2|10 models|170|
1931|4068|1|1 model|60|
1932|4069|1|1 model|80|
1933|4070|1|1 model|80|
1934|4071|1|1 model|85|
1935|4072|1|1 model|80|
1936|4073|1|5 models|125|
1937|4073|2|10 models|270|
1938|4074|1|9 models|100|
1939|4075|1|9 models|100|
1940|4076|1|8 models|85|
1941|4077|1|1 model|340|
1942|4078|1|1 model|80|
1943|4079|1|5 models|85|
1944|4079|2|10 models|170|
1945|4080|1|5 models|85|
1946|4080|2|10 models|160|
1947|4081|1|5 models|170|
1948|4082|1|1 model|220|
1949|4083|1|1 model|150|
1950|4084|1|1 model|70|
1951|4085|1|1 model|60|
1952|4086|1|1 model|195|
1953|4087|1|1 model|200|
1954|4088|1|6 models|145|
1955|4089|1|3 models|110|
1956|4089|2|6 models|220|
1957|4090|1|2 models|80|
1958|4091|1|1 model|130|
1959|4092|1|1 model|195|
1960|4093|1|1 model|80|
1961|4094|1|1 model|380|
1962|4095|1|10 models|90|
1963|4096|1|3 models|95|
1964|4096|2|6 models|190|
1965|4097|1|1 model|270|
1966|4098|1|5 models|80|
1967|4098|2|10 models|160|
1968|4099|1|6 models|145|
1969|4100|1|1 model|140|
1970|4101|1|1 model|105|
1971|4101|2|2 models|210|
1972|4102|1|1 model|65|
1973|4103|1|1 model|85|
1974|4104|1|1 model|305|
1975|4105|1|1 model|305|
1976|4106|1|10 models|90|
1977|4107|1|3 models|110|
1978|4107|2|6 models|220|
1979|4108|1|5 models|75|
1980|4108|2|10 models|150|
1981|4109|1|1 model|75|
1982|4110|1|1 model|120|
1983|4111|1|1 model|250|
1984|4112|1|1 model|250|
1985|4113|1|10 models|110|
1986|4114|1|3 models|115|
1987|4114|2|6 models|230|
1988|4115|1|1 model|65|
1989|4115|2|2 models|130|
1990|4116|1|3 models|40|
1991|4116|2|6 models|70|
1992|4117|1|5 models|165|
1993|4118|1|5 models|165|
1994|4119|1|9 models|60|
1995|4120|1|1 model|170|
1996|4121|1|2 models|80|
1997|4121|2|4 models|160|
1998|4122|1|3 models|60|
1999|4122|2|6 models|110|
2000|4123|1|1 model|260|
2001|4124|1|1 model|250|
2002|4125|1|3 models|65|
2003|4125|2|6 models|130|
2004|4126|1|3 models|80|
2005|4126|2|6 models|160|
2006|4127|1|10 models|115|
2007|4128|1|10 models|90|
2008|4129|1|1 model|70|
2009|4130|1|1 model|65|
2010|4131|1|3 Wolf Guard Headtakers|85|
2011|4131|2|3 Wolf Guard Headtakers and 3 Hunting Wolves|110|
2012|4131|3|6 Wolf Guard Headtakers|170|
2013|4131|4|6 Wolf Guard Headtakers and 6 Hunting Wolves|220|
2014|4132|1|5 models|100|
2015|4132|2|10 models|200|
2016|4133|1|1 model|145|
2017|4134|1|1 model|375|
2018|4135|1|1 model|70|
2019|4136|1|1 model|65|
2020|4137|1|5 models|85|
2021|4137|2|10 models|170|
2022|4138|1|5 models|175|
2023|4138|2|10 models|330|
2024|4139|1|1 model|220|
2025|4140|1|1 model|110|
2026|4141|1|1 model|45|
2027|4142|1|1 model|75|
2028|4143|1|3 models|90|
2029|4143|2|6 models|180|
2030|4144|1|3 models|90|
2031|4144|2|6 models|180|
2032|4145|1|2 models|110|
2033|4146|1|1 model|70|
2034|4146|2|2 models|140|
2035|4147|1|1 model|75|
2036|4148|1|1 model|85|
2037|4149|1|1 model|425|
2038|4154|1|1 Sword Brother and 4 Initiates|85|
2039|4154|2|1 Sword Brother and 9 Initiates|150|
2040|4154|3|1 Sword Brother, 4 Initiates and 5 Neophytes|135|
2041|4154|4|1 Sword Brother, 9 Initiates and 10 Neophytes |290|
2042|4155|1|1 model|100|
2043|4156|1|10 models|125|
2044|4157|1|5 models|80|
2045|4158|1|1 model|90|
2046|4159|1|1 model|60|
2047|4160|1|1 model|115|
2048|4161|1|1 model|75|
2049|4162|1|1 model|80|
2050|4163|1|2 models|95|
2051|4163|2|4 models|190|
2052|4164|1|5 models|85|
2053|4164|2|6 models|100|
2054|4164|3|11 models|190|
2055|4164|4|12 models|205|
2056|4165|1|1 model|125|
2057|4166|1|1 model|100|
2058|4167|1|1 model|115|
2059|4168|1|5 models|65|
2060|4168|2|10 models|110|
2061|4169|1|5 models|80|
2062|4169|2|10 models|160|
2063|4170|1|3 models|105|
2064|4170|2|4 models|140|
2065|4170|3|6 models|210|
2066|4170|4|7 models|245|
2067|4171|1|5 models|125|
2068|4171|2|6 models|150|
2069|4171|3|10 models|250|
2070|4171|4|11 models|275|
2071|4172|1|5 models|125|
2072|4172|2|6 models|150|
2073|4172|3|10 models|250|
2074|4172|4|11 models|275|
2075|4174|1|5 models|100|
2076|4174|2|10 models|200|
2077|4175|1|5 models|100|
2078|4175|2|10 models|200|
2079|4176|1|5 models|85|
2080|4177|1|2 models|50|
2081|4178|1|1 model|75|
2082|4179|1|1 model|75|
2083|4180|1|1 model|70|
